-- phpMyAdmin SQL Dump
-- version 4.6.4
-- https://www.phpmyadmin.net/
--
-- Host: 127.0.0.1
-- Generation Time: Jan 25, 2020 at 01:05 PM
-- Server version: 5.7.14
-- PHP Version: 5.6.25

SET SQL_MODE = "NO_AUTO_VALUE_ON_ZERO";
SET time_zone = "+00:00";


/*!40101 SET @OLD_CHARACTER_SET_CLIENT=@@CHARACTER_SET_CLIENT */;
/*!40101 SET @OLD_CHARACTER_SET_RESULTS=@@CHARACTER_SET_RESULTS */;
/*!40101 SET @OLD_COLLATION_CONNECTION=@@COLLATION_CONNECTION */;
/*!40101 SET NAMES utf8mb4 */;

--
-- Database: `cvb`
--

-- --------------------------------------------------------

--
-- Table structure for table `client`
--

CREATE TABLE `client` (
  `idclient` int(11) NOT NULL,
  `nom_client` varchar(30) NOT NULL,
  `adresse` varchar(40) NOT NULL,
  `contact` int(20) NOT NULL
) ENGINE=InnoDB DEFAULT CHARSET=utf8;

--
-- Dumping data for table `client`
--

INSERT INTO `client` (`idclient`, `nom_client`, `adresse`, `contact`) VALUES
(29, 'docteur felana', 'analamihitsy cite', 0),
(30, 'harielle', 'cites', 34809803),
(40, 'oliviers', 'imandry', 9890),
(41, 'bolida', 'glopy', 349204611),
(42, 'oskar', 'tsimandatsa', 342279794),
(46, 'Mahitsilaza fabriola', 'tsaramandrosoo', 347396482),
(47, 'havana', 'imandry', 434),
(48, 'lefitra', 'imandry', 34879870),
(49, 'Mahitsilaza', 'antsirabe', 34);

-- --------------------------------------------------------

--
-- Table structure for table `commande_cli`
--

CREATE TABLE `commande_cli` (
  `idcommande_cli` int(11) NOT NULL,
  `idclient` int(11) NOT NULL,
  `date_commande` date NOT NULL
) ENGINE=InnoDB DEFAULT CHARSET=utf8;

--
-- Dumping data for table `commande_cli`
--

INSERT INTO `commande_cli` (`idcommande_cli`, `idclient`, `date_commande`) VALUES
(290, 41, '2020-01-09'),
(291, 29, '2020-01-22'),
(292, 48, '2020-01-29'),
(293, 47, '2020-01-28'),
(294, 47, '2020-01-28'),
(295, 48, '2020-01-28'),
(296, 42, '2020-01-28'),
(297, 41, '2020-01-15'),
(298, 29, '2020-01-24'),
(300, 41, '2020-01-16'),
(301, 41, '2020-01-27'),
(302, 29, '2020-01-20'),
(303, 41, '2020-01-20'),
(304, 29, '2020-01-21'),
(305, 29, '2020-01-21'),
(306, 29, '2020-01-15'),
(307, 29, '2020-01-22'),
(308, 29, '2020-01-22'),
(309, 41, '2020-01-15'),
(310, 29, '2020-01-22'),
(312, 49, '2020-01-24'),
(313, 49, '2020-01-24'),
(314, 47, '2020-01-24'),
(315, 29, '2020-01-24'),
(316, 41, '2020-01-24'),
(317, 41, '2020-01-24');

-- --------------------------------------------------------

--
-- Table structure for table `commande_fou`
--

CREATE TABLE `commande_fou` (
  `idcommande_fou` int(11) NOT NULL,
  `idfournisseur` int(11) NOT NULL,
  `date_appro` date NOT NULL
) ENGINE=InnoDB DEFAULT CHARSET=utf8;

--
-- Dumping data for table `commande_fou`
--

INSERT INTO `commande_fou` (`idcommande_fou`, `idfournisseur`, `date_appro`) VALUES
(41, 19, '2019-12-22'),
(42, 20, '2019-12-22'),
(43, 19, '2020-01-02'),
(44, 19, '2020-01-02'),
(45, 19, '2020-01-02'),
(46, 19, '2020-01-02'),
(47, 19, '2020-01-02'),
(48, 19, '2020-01-02'),
(49, 19, '2020-01-02'),
(50, 20, '2020-01-02'),
(51, 20, '2020-01-02'),
(52, 20, '2020-01-02'),
(53, 19, '0000-00-00'),
(54, 19, '0000-00-00'),
(55, 19, '0000-00-00'),
(56, 19, '0000-00-00'),
(57, 19, '2020-01-02'),
(58, 19, '2020-01-31'),
(59, 19, '2020-01-31'),
(60, 19, '2020-01-31'),
(61, 19, '2020-01-31'),
(62, 19, '2020-01-31'),
(63, 22, '2020-01-23'),
(64, 22, '2020-01-23'),
(65, 22, '2020-01-23'),
(66, 22, '2020-01-23'),
(67, 22, '2020-01-23'),
(68, 22, '2020-01-23'),
(69, 22, '2020-01-23'),
(70, 22, '2020-01-23'),
(71, 22, '2020-01-30'),
(72, 22, '2020-01-30'),
(73, 22, '2020-01-30'),
(74, 22, '2020-01-30'),
(75, 22, '2020-01-30'),
(76, 22, '2020-01-30'),
(77, 22, '2020-01-30'),
(78, 22, '2020-01-22'),
(79, 20, '2020-01-09'),
(80, 19, '2020-01-22'),
(81, 19, '2020-01-22'),
(82, 19, '2020-01-22'),
(83, 19, '2020-01-22'),
(84, 19, '2020-01-22'),
(85, 25, '2020-01-24'),
(86, 25, '2020-01-24'),
(87, 25, '2020-01-24'),
(88, 25, '2020-01-24'),
(89, 25, '2020-01-24'),
(90, 25, '2020-01-24'),
(91, 25, '2020-01-24'),
(92, 19, '2020-01-07'),
(93, 22, '2020-01-13'),
(94, 22, '2020-01-06'),
(95, 19, '2020-01-06'),
(96, 19, '2020-01-17'),
(97, 19, '2020-01-21'),
(98, 24, '2020-01-15'),
(99, 25, '2020-01-09'),
(100, 25, '2020-01-25'),
(101, 25, '2020-01-20'),
(102, 25, '2020-01-31'),
(103, 24, '2020-01-13'),
(104, 21, '2020-01-29'),
(105, 21, '2020-01-29'),
(106, 24, '2020-01-21'),
(107, 19, '2020-01-20'),
(108, 19, '2020-01-09'),
(109, 24, '2020-08-11'),
(110, 20, '2019-12-31'),
(111, 20, '2020-01-15'),
(112, 22, '2020-01-02'),
(113, 22, '2020-01-02'),
(114, 20, '2020-01-07'),
(115, 19, '2020-01-01'),
(116, 22, '2020-01-09'),
(117, 24, '2020-01-15'),
(118, 22, '2020-02-06'),
(119, 25, '2020-01-21'),
(120, 21, '2020-01-24'),
(121, 24, '2020-01-29'),
(122, 22, '2020-01-21'),
(123, 22, '2020-01-22'),
(124, 19, '2020-01-28'),
(125, 20, '2020-01-24'),
(126, 19, '2020-01-22'),
(127, 19, '2020-01-06'),
(128, 19, '2020-01-21'),
(129, 20, '2020-01-07'),
(130, 19, '2020-01-07'),
(131, 22, '2020-01-06'),
(132, 21, '2020-01-09'),
(133, 21, '2020-01-06'),
(134, 22, '2020-01-07'),
(135, 19, '2020-01-23'),
(136, 19, '2020-02-04'),
(137, 19, '2020-01-06'),
(138, 19, '2020-01-06'),
(139, 19, '2020-01-06'),
(140, 19, '2020-01-06'),
(141, 19, '2020-01-07'),
(142, 22, '2020-01-06'),
(143, 22, '2020-01-06'),
(144, 22, '2020-01-21'),
(145, 22, '2020-01-15'),
(146, 22, '2020-01-21'),
(147, 22, '2020-01-30'),
(148, 22, '2020-01-07'),
(149, 22, '2020-01-07'),
(150, 22, '2020-01-07'),
(151, 20, '2020-07-31'),
(152, 21, '2020-01-28'),
(153, 21, '2020-01-28'),
(154, 22, '2020-01-29'),
(155, 19, '2020-01-29'),
(156, 19, '2020-01-29'),
(157, 22, '2020-01-14'),
(158, 22, '2020-01-07'),
(159, 22, '2020-01-14'),
(160, 22, '2020-01-22'),
(161, 19, '2020-01-15'),
(162, 20, '2020-01-08'),
(163, 22, '2020-01-22'),
(164, 21, '2020-01-07'),
(165, 22, '2020-01-22'),
(166, 22, '2020-01-22'),
(167, 19, '2020-01-15'),
(168, 22, '2020-01-22'),
(169, 22, '2020-01-22'),
(170, 22, '2020-01-24'),
(171, 20, '2020-01-28'),
(172, 19, '2020-01-23'),
(173, 22, '2020-01-08'),
(174, 22, '2020-01-16'),
(175, 22, '2020-01-08'),
(176, 22, '2020-01-16'),
(177, 22, '2020-01-29'),
(178, 22, '2020-01-15'),
(179, 19, '2020-01-22'),
(180, 20, '2020-01-28'),
(181, 22, '2020-01-24'),
(182, 19, '2020-01-15'),
(183, 22, '2020-01-09'),
(184, 22, '2020-01-09'),
(185, 19, '2020-01-22'),
(186, 22, '2020-01-10'),
(187, 19, '2020-01-23'),
(188, 22, '2020-01-09'),
(189, 22, '2020-01-22'),
(190, 22, '2020-01-22'),
(191, 19, '2020-01-09'),
(192, 22, '2020-01-24'),
(193, 19, '2020-01-09'),
(194, 22, '2020-01-23'),
(195, 22, '2020-01-10'),
(196, 22, '2020-01-14'),
(197, 22, '2020-01-17'),
(198, 22, '2020-01-16'),
(199, 22, '2020-01-11'),
(200, 22, '2020-01-11'),
(204, 19, '2020-01-11'),
(205, 19, '2020-01-11'),
(206, 19, '2020-01-11'),
(207, 22, '2020-01-17'),
(208, 22, '2020-01-17'),
(209, 22, '2020-01-18'),
(210, 22, '2020-01-16'),
(211, 19, '2020-01-22'),
(212, 19, '2020-01-22'),
(213, 20, '2020-01-13'),
(214, 20, '2020-01-15'),
(215, 19, '2020-01-15'),
(216, 19, '2020-01-15'),
(217, 19, '2020-01-15'),
(218, 22, '2020-01-15'),
(219, 22, '2020-01-15'),
(220, 22, '2020-01-15'),
(221, 22, '2020-01-15'),
(222, 22, '2020-01-15'),
(223, 22, '2020-01-15'),
(224, 22, '2020-01-15'),
(225, 22, '2020-01-15'),
(226, 19, '2020-01-15'),
(227, 19, '2020-01-15'),
(228, 19, '2020-01-15'),
(229, 22, '2020-01-15'),
(231, 19, '2020-01-18'),
(232, 19, '2020-01-18'),
(233, 22, '2020-01-19'),
(235, 19, '2020-01-19'),
(236, 22, '2020-01-19'),
(237, 19, '2020-01-19'),
(238, 19, '2020-01-20'),
(239, 19, '2020-01-20'),
(240, 19, '2020-01-19'),
(241, 22, '2020-01-19'),
(242, 19, '2020-01-24'),
(243, 22, '2020-01-20'),
(244, 22, '2020-01-19'),
(245, 24, '2020-01-19'),
(246, 19, '2020-01-19'),
(247, 22, '2020-01-20'),
(248, 22, '2020-01-20'),
(249, 22, '2020-01-20'),
(250, 19, '2020-01-21'),
(251, 19, '2020-01-24'),
(252, 22, '2020-01-24'),
(253, 24, '2020-01-24');

-- --------------------------------------------------------

--
-- Table structure for table `fac_fou`
--

CREATE TABLE `fac_fou` (
  `id_fac_fou` int(11) NOT NULL,
  `idpe` int(11) NOT NULL
) ENGINE=InnoDB DEFAULT CHARSET=utf8;

-- --------------------------------------------------------

--
-- Table structure for table `famille`
--

CREATE TABLE `famille` (
  `idfamille` int(11) NOT NULL,
  `famille` varchar(30) NOT NULL
) ENGINE=InnoDB DEFAULT CHARSET=utf8;

--
-- Dumping data for table `famille`
--

INSERT INTO `famille` (`idfamille`, `famille`) VALUES
(34, 'antibiotique'),
(35, 'Alimentation');

-- --------------------------------------------------------

--
-- Table structure for table `fournisseur`
--

CREATE TABLE `fournisseur` (
  `idfournisseur` int(11) NOT NULL,
  `nom_fournisseur` varchar(40) NOT NULL,
  `adresse` varchar(40) NOT NULL,
  `contact` int(20) NOT NULL,
  `responsable` varchar(30) NOT NULL
) ENGINE=InnoDB DEFAULT CHARSET=utf8;

--
-- Dumping data for table `fournisseur`
--

INSERT INTO `fournisseur` (`idfournisseur`, `nom_fournisseur`, `adresse`, `contact`, `responsable`) VALUES
(19, 'klairement', 'ankatso', 346804717, 'harielle'),
(20, 'nono', 'nhbik', 678678, 'haja'),
(21, 'test', 'testa', 798, 'kjk'),
(22, 'fabriola', 'ankazomanga', 347396482, 'harielle'),
(23, 'ramena', 'andalatery', 8708979, 'harie'),
(24, 'nomeny', 'tsimbazaza', 347396482, 'tokiana');

-- --------------------------------------------------------

--
-- Table structure for table `image`
--

CREATE TABLE `image` (
  `id` int(11) NOT NULL,
  `nom` varchar(10) NOT NULL,
  `prenom` varchar(10) NOT NULL
) ENGINE=InnoDB DEFAULT CHARSET=utf8;

--
-- Dumping data for table `image`
--

INSERT INTO `image` (`id`, `nom`, `prenom`) VALUES
(1, 'qedqfd', 'dqwd'),
(2, 'dwqdwq', 'dqwdqd'),
(3, 'dwqd', 'dqwd'),
(4, 'dqw', 'dwqd');

-- --------------------------------------------------------

--
-- Table structure for table `ligne_commande_cli`
--

CREATE TABLE `ligne_commande_cli` (
  `idcommande_cli` int(11) NOT NULL,
  `idproduit` int(11) NOT NULL,
  `qt` float NOT NULL,
  `conditio` varchar(40) NOT NULL
) ENGINE=InnoDB DEFAULT CHARSET=utf8;

--
-- Dumping data for table `ligne_commande_cli`
--

INSERT INTO `ligne_commande_cli` (`idcommande_cli`, `idproduit`, `qt`, `conditio`) VALUES
(290, 101, 2, 'detail'),
(290, 101, 2, 'detail'),
(290, 94, 2, 'detail'),
(290, 110, 2, 'detail'),
(290, 110, 2, 'detail'),
(290, 96, 4, 'detail'),
(290, 96, 4, 'detail'),
(291, 102, 1, 'detail'),
(291, 102, 1, 'detail'),
(291, 96, 1, 'detail'),
(291, 96, 1, 'detail'),
(291, 96, 1, 'detail'),
(292, 98, 1, 'detail'),
(292, 98, 1, 'detail'),
(292, 98, 1, 'detail'),
(292, 98, 1, 'detail'),
(294, 98, 1.5, 'detail'),
(297, 95, 1, 'detail'),
(297, 101, 500, 'gros'),
(297, 97, 1, 'detail'),
(297, 106, 1, 'gros'),
(297, 106, 1, 'gros'),
(297, 106, 1, 'gros'),
(297, 106, 1, 'gros'),
(297, 106, 1, 'gros'),
(297, 106, 1, 'gros'),
(297, 106, 1, 'detail'),
(297, 106, 1, 'gros'),
(297, 106, 1, 'gros'),
(297, 106, 1, 'detail'),
(299, 110, 1, 'gros'),
(299, 110, 1, 'gros'),
(300, 95, 1, 'detail'),
(301, 95, 4, 'detail'),
(301, 93, 4, 'gros'),
(302, 105, 6, 'gros'),
(302, 105, 6, 'gros'),
(303, 113, 1, 'gros'),
(305, 114, 1, 'detail'),
(307, 114, 10, 'detail'),
(308, 114, 5, 'detail'),
(309, 114, 2, 'detail'),
(309, 114, 2, 'detail'),
(309, 114, 2, 'detail'),
(310, 114, 3, 'detail'),
(310, 114, 3, 'detail'),
(311, 128, 5, 'detail'),
(313, 128, 4, 'detail'),
(313, 114, 3, 'detail'),
(313, 114, 1, 'gros'),
(314, 115, 1, 'detail'),
(314, 115, 1, 'gros'),
(315, 115, 1, 'detail'),
(315, 114, 2, 'gros'),
(317, 114, 19, 'detail');

-- --------------------------------------------------------

--
-- Table structure for table `ligne_commande_fou`
--

CREATE TABLE `ligne_commande_fou` (
  `idcommande_fou` int(11) NOT NULL,
  `idproduit` int(11) NOT NULL,
  `qt` float NOT NULL,
  `conditio` varchar(20) NOT NULL
) ENGINE=InnoDB DEFAULT CHARSET=utf8;

--
-- Dumping data for table `ligne_commande_fou`
--

INSERT INTO `ligne_commande_fou` (`idcommande_fou`, `idproduit`, `qt`, `conditio`) VALUES
(1, 76, 4000, ''),
(2, 79, 6000, ''),
(3, 79, 3, ''),
(4, 79, 15, ''),
(5, 79, 1, ''),
(6, 80, 20, ''),
(9, 81, 13, ''),
(10, 81, 12, ''),
(12, 83, 4, ''),
(14, 84, 64, ''),
(15, 86, 90, ''),
(16, 89, 10, ''),
(17, 86, 150, ''),
(17, 86, 400, ''),
(18, 87, 100, ''),
(19, 91, 150, ''),
(20, 90, 100, ''),
(23, 93, 450, ''),
(23, 93, 450, ''),
(24, 93, 50, ''),
(25, 93, 50, ''),
(26, 92, 1500, ''),
(28, 93, 20, ''),
(28, 93, 450, ''),
(29, 92, 1000000, ''),
(31, 92, 7, ''),
(31, 93, 500, ''),
(31, 92, 67, ''),
(32, 93, 4500, ''),
(33, 93, 50, ''),
(35, 93, 250, ''),
(36, 92, 3000, ''),
(37, 92, 500, ''),
(38, 94, 25000, ''),
(39, 93, 50, ''),
(40, 93, 50, ''),
(41, 93, 1, ''),
(42, 94, 5000, ''),
(43, 93, 150, ''),
(48, 93, 450, ''),
(49, 94, 1000, ''),
(50, 94, 44500, ''),
(51, 94, 1000, ''),
(52, 93, 50, ''),
(57, 93, 3, ''),
(111, 95, 67, ''),
(111, 95, 67, ''),
(111, 95, 67, ''),
(113, 94, 56, ''),
(114, 93, 800, ''),
(115, 92, 200, ''),
(117, 96, 2000, ''),
(118, 93, 800, ''),
(119, 96, 200, ''),
(120, 96, 100, ''),
(121, 97, 10, ''),
(122, 93, 10, ''),
(123, 93, 1000, ''),
(123, 93, 1000, ''),
(123, 93, 1000, ''),
(123, 93, 1000, ''),
(123, 93, 1000, ''),
(123, 93, 1000, ''),
(124, 92, 3434, ''),
(124, 92, 3434, ''),
(124, 92, 3434, ''),
(124, 92, 3434, ''),
(124, 92, 3434, ''),
(124, 92, 3434, ''),
(124, 92, 3434, ''),
(124, 92, 3434, ''),
(124, 92, 3434, ''),
(124, 92, 3434, ''),
(124, 92, 3434, ''),
(124, 95, 3434, ''),
(124, 93, 100, ''),
(124, 93, 100, ''),
(125, 94, 2000, ''),
(126, 97, 30000, ''),
(127, 98, 3000, ''),
(128, 93, 2000, ''),
(128, 93, 2000, ''),
(128, 93, 2000, ''),
(128, 93, 2000, ''),
(128, 93, 2000, ''),
(128, 93, 2000, ''),
(128, 93, 2000, ''),
(129, 93, 400, ''),
(129, 93, 400, ''),
(130, 100, 5000, ''),
(131, 98, 300, ''),
(132, 99, 20000, ''),
(133, 99, 4000, ''),
(133, 96, 4000, ''),
(134, 96, 5000, ''),
(135, 100, 900, ''),
(136, 100, 700, ''),
(137, 93, 2000, ''),
(138, 93, 20000, ''),
(139, 93, 10000, ''),
(140, 93, 50, ''),
(141, 94, 1, ''),
(142, 96, 1, ''),
(143, 93, 1, ''),
(144, 93, 1, ''),
(144, 93, 1, ''),
(145, 95, 2, ''),
(146, 93, 2, ''),
(147, 97, 2, ''),
(153, 95, 23, ''),
(153, 95, 23, ''),
(153, 96, 23, ''),
(153, 96, 23, ''),
(154, 95, 32, ''),
(154, 100, 32, ''),
(154, 100, 32, ''),
(155, 93, 7, ''),
(156, 96, 80, ''),
(156, 94, 10, ''),
(157, 95, 22, ''),
(158, 96, 3, ''),
(159, 95, 4, ''),
(160, 94, 1, ''),
(160, 95, 1, ''),
(160, 100, 1, ''),
(161, 95, 56, ''),
(162, 99, 1, ''),
(163, 93, 3, ''),
(164, 93, 1, ''),
(164, 95, 5, ''),
(165, 95, 2, ''),
(165, 93, 3, ''),
(166, 96, 8, ''),
(167, 93, 10, ''),
(168, 96, 1, ''),
(168, 93, 1, ''),
(169, 94, 1, ''),
(169, 98, 1, ''),
(170, 94, 2, ''),
(171, 100, 1, ''),
(172, 93, 4, ''),
(172, 93, 4, ''),
(172, 94, 2, ''),
(173, 101, 100, ''),
(173, 101, 100, ''),
(173, 96, 100, ''),
(174, 101, 2, ''),
(175, 93, 500, ''),
(176, 101, 8, ''),
(177, 101, 18, ''),
(178, 101, 3, ''),
(179, 93, 1, ''),
(180, 101, 1, ''),
(181, 101, 2, ''),
(182, 101, 2, ''),
(182, 94, 3, ''),
(185, 102, 10000, ''),
(186, 102, 10000, ''),
(187, 103, 1, ''),
(188, 103, 29, ''),
(189, 101, 2, ''),
(190, 93, 5, ''),
(192, 93, 2, ''),
(193, 104, 2, ''),
(194, 93, 2, ''),
(196, 93, 150, 'gros'),
(196, 103, 1, 'detail'),
(196, 103, 1, 'detail'),
(197, 93, 50, 'gros'),
(198, 101, 750, 'gros'),
(198, 101, 1.5, 'detail'),
(199, 106, 75, 'gros'),
(200, 95, 2, 'detail'),
(201, 95, 40, 'gros'),
(202, 101, 1000, 'gros'),
(203, 101, 500, 'gros'),
(203, 102, 15, 'gros'),
(203, 101, 500, 'gros'),
(203, 101, 500, 'gros'),
(210, 93, 100, 'gros'),
(212, 93, 100, 'gros'),
(213, 106, 150, 'gros'),
(229, 101, 1500, 'gros'),
(230, 110, 0, 'gros'),
(231, 110, 30, 'gros'),
(231, 110, 2, 'detail'),
(232, 111, 750, 'gros'),
(234, 96, 10, 'gros'),
(234, 96, 10, 'gros'),
(234, 105, 15, 'gros'),
(234, 105, 15, 'gros'),
(234, 105, 15, 'gros'),
(234, 105, 15, 'gros'),
(234, 105, 15, 'gros'),
(235, 105, 15, 'gros'),
(235, 0, 0, 'gros'),
(236, 95, 20, 'gros'),
(237, 101, 1, 'gros'),
(239, 95, 2, 'gros'),
(239, 96, 2, 'gros'),
(240, 105, 6, 'gros'),
(240, 105, 1, 'gros'),
(241, 108, 1, 'gros'),
(241, 101, 1, 'gros'),
(241, 108, 1, 'detail'),
(241, 108, 5, 'gros'),
(245, 96, 5, 'gros'),
(245, 105, 3, 'gros'),
(245, 110, 3, 'gros'),
(246, 103, 10, 'gros'),
(247, 0, 0.5, 'detail'),
(248, 113, 1, 'gros'),
(248, 113, 1, 'detail'),
(249, 113, 1, 'detail'),
(250, 114, 1, 'gros'),
(251, 128, 10, 'gros'),
(252, 114, 20, 'gros'),
(253, 115, 10, 'gros'),
(253, 116, 10, 'gros');

-- --------------------------------------------------------

--
-- Table structure for table `payement_cli`
--

CREATE TABLE `payement_cli` (
  `idpay_cli` int(11) NOT NULL,
  `payee` float NOT NULL,
  `idcommande_cli` int(11) NOT NULL,
  `type_d_payement` varchar(20) NOT NULL,
  `date_payement` date NOT NULL,
  `date_d_echeance` date NOT NULL,
  `net` float NOT NULL,
  `remise` int(20) NOT NULL
) ENGINE=InnoDB DEFAULT CHARSET=utf8;

--
-- Dumping data for table `payement_cli`
--

INSERT INTO `payement_cli` (`idpay_cli`, `payee`, `idcommande_cli`, `type_d_payement`, `date_payement`, `date_d_echeance`, `net`, `remise`) VALUES
(63, 180, 300, 'espece', '2020-01-19', '2020-01-19', 180, 10),
(64, 36000, 301, 'espece', '2020-01-19', '2020-01-19', 36800, 0),
(65, 200, 305, 'espece', '2020-01-21', '2020-01-21', 200, 0),
(66, 1000, 307, 'espece', '2020-01-22', '2020-01-22', 1800, 10),
(67, 800, 308, 'espece', '2020-01-22', '2020-01-22', 800, 20),
(68, 1080, 309, 'espece', '2020-01-22', '2020-01-22', 1080, 10),
(69, 1200, 310, 'cheque', '2020-01-22', '2020-01-22', 1200, 0),
(70, 2375, 311, 'espece', '2020-01-24', '2020-01-31', 2375, 5),
(71, 9595, 313, 'espece', '2020-01-24', '2020-01-24', 9595, 5),
(72, 80000, 314, 'espece', '2020-01-24', '2020-01-24', 80000, 0),
(73, 55000, 315, 'espece', '2020-01-24', '2020-01-31', 55000, 0),
(74, 3800, 317, 'espece', '2020-01-24', '2020-01-24', 3800, 0);

-- --------------------------------------------------------

--
-- Table structure for table `payement_fou`
--

CREATE TABLE `payement_fou` (
  `idpay_fou` int(11) NOT NULL,
  `payee` float NOT NULL,
  `idcommande_fou` int(11) NOT NULL,
  `type_d_payement` varchar(40) NOT NULL,
  `date_payement` date NOT NULL,
  `date_d_echeance` date NOT NULL,
  `net` float NOT NULL
) ENGINE=InnoDB DEFAULT CHARSET=utf8;

--
-- Dumping data for table `payement_fou`
--

INSERT INTO `payement_fou` (`idpay_fou`, `payee`, `idcommande_fou`, `type_d_payement`, `date_payement`, `date_d_echeance`, `net`) VALUES
(3, 900, 0, 'espece', '2019-12-03', '2019-12-05', 0),
(4, 200, 0, 'espece', '2019-12-05', '2019-12-12', 0),
(5, 5, 158, 'seques', '2020-01-14', '2020-02-04', 0),
(6, 5, 158, 'seques', '2020-01-14', '2020-02-04', 0),
(7, 5, 158, 'seques', '2020-01-14', '2020-02-04', 0),
(8, 5, 158, 'seques', '2020-01-14', '2020-02-04', 0),
(9, 7000, 162, ' ddddd', '2020-01-20', '2020-01-21', 0),
(10, 7000, 162, ' ddddd', '2020-01-20', '2020-01-21', 0),
(11, 7000, 162, ' ddddd', '2020-01-20', '2020-01-21', 0),
(12, 7000, 162, ' ddddd', '2020-01-20', '2020-01-21', 0),
(13, 7000, 162, ' ddddd', '2020-01-20', '2020-01-21', 0),
(14, 300000, 163, 'cheque', '2020-01-22', '2020-01-21', 0),
(15, 300000, 163, 'cheque', '2020-01-22', '2020-01-21', 0),
(16, 300000, 163, 'cheque', '2020-01-22', '2020-01-21', 0),
(17, 300000, 163, 'cheque', '2020-01-22', '2020-01-21', 0),
(18, 8000, 164, 'espece', '2020-01-22', '2020-01-21', 0),
(19, 8000, 164, 'espece', '2020-01-22', '2020-01-21', 0),
(20, 4000, 165, 'rdrd', '2020-01-22', '2020-02-04', 0),
(21, 6000, 166, 'espece', '2020-01-07', '2020-02-04', 0),
(22, 6000, 166, 'espece', '2020-01-07', '2020-02-04', 0),
(23, 6000, 166, 'espece', '2020-01-07', '2020-02-04', 0),
(24, 6000, 166, 'espece', '2020-01-07', '2020-02-04', 0),
(25, 6000, 166, 'espece', '2020-01-07', '2020-02-04', 0),
(26, 6000, 166, 'espece', '2020-01-07', '2020-02-04', 0),
(27, 50000, 167, 'espece', '2020-01-08', '2020-01-29', 0),
(28, 300, 168, 'espece', '2020-01-15', '2020-01-21', 0),
(29, 300, 168, 'espece', '2020-01-15', '2020-01-21', 0),
(30, 300, 168, 'espece', '2020-01-15', '2020-01-21', 0),
(31, 50, 169, 'vh', '2020-01-07', '2020-01-21', 0),
(32, 6999, 170, 'espece', '2020-01-15', '2020-01-20', 0),
(33, 90, 171, 'mk', '2020-01-07', '2020-01-07', 900),
(34, 90, 171, 'mk', '2020-01-07', '2020-01-07', 900),
(35, 18000, 172, 'espece', '2020-01-08', '2020-01-08', 18000),
(36, 18000, 172, 'espece', '2020-01-08', '2020-01-08', 18000),
(37, 18000, 172, 'espece', '2020-01-08', '2020-01-08', 18000),
(38, 18000, 172, 'espece', '2020-01-08', '2020-01-08', 18000),
(39, 18000, 172, 'seque', '2020-01-28', '2020-01-20', 18000),
(40, 18000, 172, 'seque', '2020-01-28', '2020-01-20', 18000),
(41, 18000, 172, 'seque', '2020-01-28', '2020-01-20', 18000),
(42, 18000, 172, 'seque', '2020-01-28', '2020-01-20', 18000),
(43, 18000, 172, 'seque', '2020-01-28', '2020-01-20', 18000),
(44, 18000, 172, 'seque', '2020-01-28', '2020-01-20', 18000),
(45, 18000, 172, 'seque', '2020-01-28', '2020-01-20', 18000),
(46, 18000, 172, 'seque', '2020-01-28', '2020-01-20', 18000),
(47, 18000, 172, 'seque', '2020-01-28', '2020-01-20', 18000),
(48, 18000, 172, 'seque', '2020-01-28', '2020-01-20', 18000),
(49, 18000, 172, 'seque', '2020-01-28', '2020-01-20', 18000),
(50, 18000, 172, 'seque', '2020-01-28', '2020-01-20', 18000),
(51, 18000, 172, 'seque', '2020-01-28', '2020-01-20', 18000),
(52, 18000, 172, 'seque', '2020-01-28', '2020-01-20', 18000),
(53, 380000, 173, 'espece', '2020-01-15', '2020-01-29', 380000),
(54, 9000, 176, 'espece', '2020-01-15', '2020-01-21', 15200),
(55, 9000, 176, 'espece', '2020-01-15', '2020-01-21', 15200),
(56, 9000, 176, 'espece', '2020-01-15', '2020-01-21', 15200),
(57, 9000, 176, 'espece', '2020-01-15', '2020-01-21', 15200),
(58, 9000, 176, 'espece', '2020-01-15', '2020-01-21', 15200),
(59, 9000, 176, 'espece', '2020-01-15', '2020-01-21', 15200),
(60, 34200, 177, 'se', '2020-01-09', '2020-01-22', 34200),
(61, 34200, 177, 'se', '2020-01-09', '2020-01-22', 34200),
(62, 34200, 177, 'se', '2020-01-09', '2020-01-22', 34200),
(63, 34200, 177, 'se', '2020-01-09', '2020-01-22', 34200),
(64, 34200, 177, 'se', '2020-01-09', '2020-01-22', 34200),
(65, 34200, 177, 'se', '2020-01-09', '2020-01-22', 34200),
(66, 34200, 177, 'se', '2020-01-09', '2020-01-22', 34200),
(67, 34200, 177, 'se', '2020-01-09', '2020-01-22', 34200),
(68, 34200, 177, 'se', '2020-01-09', '2020-01-22', 34200),
(69, 34200, 177, 'se', '2020-01-09', '2020-01-22', 34200),
(70, 34200, 177, 'se', '2020-01-09', '2020-01-22', 34200),
(71, 34200, 177, 'se', '2020-01-09', '2020-01-22', 34200),
(72, 34200, 177, 'se', '2020-01-09', '2020-01-22', 34200),
(73, 34200, 177, 'se', '2020-01-09', '2020-01-22', 34200),
(74, 34200, 177, 'se', '2020-01-09', '2020-01-22', 34200),
(75, 34200, 177, 'se', '2020-01-09', '2020-01-22', 34200),
(76, 34200, 177, 'se', '2020-01-09', '2020-01-22', 34200),
(77, 5700, 178, 'bhj', '2020-01-27', '2020-02-02', 5700),
(78, 5700, 178, 'bhj', '2020-01-27', '2020-02-02', 5700),
(80, 3800, 181, 'seked', '2020-01-22', '2020-01-01', 3800),
(81, 3800, 181, 'seked', '2020-01-22', '2020-01-01', 3800),
(82, 3800, 181, 'seked', '2020-01-22', '2020-01-01', 3800),
(83, 3800, 181, 'seked', '2020-01-22', '2020-01-01', 3800),
(84, 3800, 181, 'seked', '2020-01-22', '2020-01-01', 3800),
(85, 3800, 181, 'seked', '2020-01-22', '2020-01-01', 3800),
(86, 3800, 181, 'seked', '2020-01-22', '2020-01-01', 3800),
(87, 3800, 181, 'seked', '2020-01-22', '2020-01-01', 3800),
(88, 3800, 181, 'seked', '2020-01-22', '2020-01-01', 3800),
(89, 3800, 181, 'seked', '2020-01-22', '2020-01-01', 3800),
(90, 3800, 181, 'seked', '2020-01-22', '2020-01-01', 3800),
(91, 3800, 181, 'seked', '2020-01-22', '2020-01-01', 3800),
(92, 3800, 181, 'seked', '2020-01-22', '2020-01-01', 3800),
(93, 3800, 181, 'seked', '2020-01-22', '2020-01-01', 3800),
(94, 3800, 181, 'seked', '2020-01-22', '2020-01-01', 3800),
(95, 3800, 181, 'seked', '2020-01-22', '2020-01-01', 3800),
(96, 6800, 182, 'sound', '2020-01-08', '2020-01-09', 6800),
(97, 400000, 186, 'espece', '2020-01-14', '2020-01-28', 4000000),
(98, 5, 187, 'cheque', '2020-01-09', '2020-01-09', 5),
(99, 145, 188, 'cheque', '2020-01-09', '2020-01-09', 145),
(100, 800, 193, 'espece', '2020-01-09', '2020-01-09', 3800),
(101, 10, 196, 'cheque', '2020-01-14', '2020-01-28', 10),
(104, 225000, 199, 'cheque', '2020-01-11', '2020-01-11', 225000),
(105, 450000, 213, 'espece', '2020-01-13', '2020-01-13', 450000),
(106, 2850000, 229, 'espece', '2020-01-15', '2020-01-15', 2850000),
(107, 6400, 231, 'espece', '2020-01-18', '2020-01-18', 6400),
(108, 4168, 241, '', '0000-00-00', '0000-00-00', 4168),
(109, 6000, 245, 'cheque', '2020-01-19', '2020-01-19', 750600),
(110, 4500, 250, 'espece', '2020-01-21', '2020-01-21', 4500),
(111, 2000, 251, 'espece', '2020-01-24', '2020-01-24', 2000),
(112, 90000, 252, 'espece', '2020-01-24', '2020-01-31', 90000),
(113, 200000, 253, 'espece', '2020-01-24', '2020-01-24', 200000);

-- --------------------------------------------------------

--
-- Table structure for table `produit`
--

CREATE TABLE `produit` (
  `idproduit` int(11) NOT NULL,
  `intrants` varchar(30) NOT NULL,
  `nom_produit` varchar(25) NOT NULL,
  `pu_d_V` float NOT NULL,
  `pu_d_G` float NOT NULL,
  `pu_d_A` float NOT NULL,
  `stock` float NOT NULL,
  `unite` varchar(10) NOT NULL,
  `description` varchar(20) NOT NULL,
  `tva` float NOT NULL,
  `presentation` varchar(20) NOT NULL,
  `parpresentation` float NOT NULL,
  `par2presentation` float NOT NULL,
  `datePEr` date NOT NULL
) ENGINE=InnoDB DEFAULT CHARSET=utf8;

--
-- Dumping data for table `produit`
--

INSERT INTO `produit` (`idproduit`, `intrants`, `nom_produit`, `pu_d_V`, `pu_d_G`, `pu_d_A`, `stock`, `unite`, `description`, `tva`, `presentation`, `parpresentation`, `par2presentation`, `datePEr`) VALUES
(113, 'vaccin', 'ITANEW', 300, 93500, 66700, 0, 'cc', '', 0, 'flacon de1000 cc', 1000, 0, '2020-01-20'),
(114, 'vaccin', 'AVICHOL', 200, 7500, 4500, 850, 'cc', '', 0, 'flacon de 50 cc', 50, 0, '2020-01-20'),
(115, 'vaccin', 'primodog', 40000, 40000, 14000, 7, 'cc', '', 0, 'flacon 1 cc', 1, 0, '2020-01-20'),
(116, 'vaccin', 'nobivac_rabies', 20000, 200000, 6000, 100, 'cc', '', 0, 'flacon de 10 cc', 10, 0, '2020-01-20'),
(117, 'vaccin', 'DA2PPI+LR', 60000, 60000, 25300, 0, 'cc', '', 0, 'flacon 1 cc', 1, 0, '0000-00-00'),
(118, 'vaccin', 'nobivac_1_dappvl2', 50000, 50000, 19500, 0, 'cc', '', 0, 'flacon 1cc', 1, 0, '0000-00-00'),
(119, 'vaccin ', 'vaccin_chat', 50000, 50000, 18000, 0, 'cc', '', 0, 'flacon 1 cc   ', 1, 0, '0000-00-00'),
(120, 'antibiotique', 'Streptopen', 500, 18000, 8000, 0, 'ml', '', 0, 'flacon de 100 ml', 100, 0, '2022-07-01'),
(121, 'antibiotique', 'oxytetra 10', 500, 5500, 0, 0, 'ml', '', 0, 'flacon 50 ml', 50, 0, '0000-00-00'),
(122, 'antibiotique', 'roxacin ', 500, 23400, 0, 0, 'ml', '', 0, 'flacon 50 ml', 50, 0, '0000-00-00'),
(123, 'antibiotique', 'ashoxy', 1500, 1500, 0, 0, 'g', '', 0, 'poudre 15 g', 15, 0, '0000-00-00'),
(124, 'antibiotique', 'terragen spray', 25000, 25000, 0, 0, 'ml', '', 0, 'spray 127 ml', 127, 0, '2020-01-21'),
(125, 'alimentation', 'sound', 678, 343, 200, 0, 'kg', '', 0, 'sac de 15 kg', 15, 0, '2020-01-21'),
(126, 'vaccin', ' 	ITANEW', 200, 576, 23, 0, 'kg', '', 0, 'sac de 15 kg', 15, 0, '2020-02-29'),
(128, 'antibiotique', 'dexa', 500, 500, 200, 1, 'cc', '', 0, 'flacon 1 cc', 1, 0, '0000-00-00');

-- --------------------------------------------------------

--
-- Table structure for table `user`
--

CREATE TABLE `user` (
  `id` int(11) NOT NULL,
  `pseudo` varchar(40) NOT NULL,
  `mdp` varchar(15) NOT NULL,
  `type` varchar(20) NOT NULL
) ENGINE=InnoDB DEFAULT CHARSET=utf8;

--
-- Dumping data for table `user`
--

INSERT INTO `user` (`id`, `pseudo`, `mdp`, `type`) VALUES
(8, 'bolo', 'bolo', 'simple'),
(11, 'fanilo', 'fanilo', 'administrateur'),
(12, 'faby', 'faby', 'administrateur');

--
-- Indexes for dumped tables
--

--
-- Indexes for table `client`
--
ALTER TABLE `client`
  ADD PRIMARY KEY (`idclient`);

--
-- Indexes for table `commande_cli`
--
ALTER TABLE `commande_cli`
  ADD PRIMARY KEY (`idcommande_cli`);

--
-- Indexes for table `commande_fou`
--
ALTER TABLE `commande_fou`
  ADD PRIMARY KEY (`idcommande_fou`),
  ADD KEY `idfournisseur` (`idfournisseur`);

--
-- Indexes for table `fac_fou`
--
ALTER TABLE `fac_fou`
  ADD PRIMARY KEY (`id_fac_fou`),
  ADD KEY `idpe` (`idpe`);

--
-- Indexes for table `famille`
--
ALTER TABLE `famille`
  ADD PRIMARY KEY (`idfamille`);

--
-- Indexes for table `fournisseur`
--
ALTER TABLE `fournisseur`
  ADD PRIMARY KEY (`idfournisseur`);

--
-- Indexes for table `image`
--
ALTER TABLE `image`
  ADD PRIMARY KEY (`id`);

--
-- Indexes for table `payement_cli`
--
ALTER TABLE `payement_cli`
  ADD PRIMARY KEY (`idpay_cli`);

--
-- Indexes for table `payement_fou`
--
ALTER TABLE `payement_fou`
  ADD PRIMARY KEY (`idpay_fou`);

--
-- Indexes for table `produit`
--
ALTER TABLE `produit`
  ADD PRIMARY KEY (`idproduit`);

--
-- Indexes for table `user`
--
ALTER TABLE `user`
  ADD PRIMARY KEY (`id`);

--
-- AUTO_INCREMENT for dumped tables
--

--
-- AUTO_INCREMENT for table `client`
--
ALTER TABLE `client`
  MODIFY `idclient` int(11) NOT NULL AUTO_INCREMENT, AUTO_INCREMENT=50;
--
-- AUTO_INCREMENT for table `commande_cli`
--
ALTER TABLE `commande_cli`
  MODIFY `idcommande_cli` int(11) NOT NULL AUTO_INCREMENT, AUTO_INCREMENT=318;
--
-- AUTO_INCREMENT for table `commande_fou`
--
ALTER TABLE `commande_fou`
  MODIFY `idcommande_fou` int(11) NOT NULL AUTO_INCREMENT, AUTO_INCREMENT=254;
--
-- AUTO_INCREMENT for table `fac_fou`
--
ALTER TABLE `fac_fou`
  MODIFY `id_fac_fou` int(11) NOT NULL AUTO_INCREMENT;
--
-- AUTO_INCREMENT for table `famille`
--
ALTER TABLE `famille`
  MODIFY `idfamille` int(11) NOT NULL AUTO_INCREMENT, AUTO_INCREMENT=36;
--
-- AUTO_INCREMENT for table `fournisseur`
--
ALTER TABLE `fournisseur`
  MODIFY `idfournisseur` int(11) NOT NULL AUTO_INCREMENT, AUTO_INCREMENT=25;
--
-- AUTO_INCREMENT for table `image`
--
ALTER TABLE `image`
  MODIFY `id` int(11) NOT NULL AUTO_INCREMENT, AUTO_INCREMENT=5;
--
-- AUTO_INCREMENT for table `payement_cli`
--
ALTER TABLE `payement_cli`
  MODIFY `idpay_cli` int(11) NOT NULL AUTO_INCREMENT, AUTO_INCREMENT=75;
--
-- AUTO_INCREMENT for table `payement_fou`
--
ALTER TABLE `payement_fou`
  MODIFY `idpay_fou` int(11) NOT NULL AUTO_INCREMENT, AUTO_INCREMENT=114;
--
-- AUTO_INCREMENT for table `produit`
--
ALTER TABLE `produit`
  MODIFY `idproduit` int(11) NOT NULL AUTO_INCREMENT, AUTO_INCREMENT=129;
--
-- AUTO_INCREMENT for table `user`
--
ALTER TABLE `user`
  MODIFY `id` int(11) NOT NULL AUTO_INCREMENT, AUTO_INCREMENT=13;
/*!40101 SET CHARACTER_SET_CLIENT=@OLD_CHARACTER_SET_CLIENT */;
/*!40101 SET CHARACTER_SET_RESULTS=@OLD_CHARACTER_SET_RESULTS */;
/*!40101 SET COLLATION_CONNECTION=@OLD_COLLATION_CONNECTION */;
